--DROP SCHEMA public CASCADE;
--CREATE SCHEMA public;

INSERT INTO tbl_artist (artist_id,"name")
VALUES
  (1,'Seeed'),
  (2, 'Bruno Mars'),
  (3, 'Alexander Marcus'),
  (4, 'Michael Jackson'),
  (5, 'The Beatles');

INSERT INTO tbl_product (product_id, "type", title, price, stock, mediumType, releaseDate, genre)
VALUES
  (1,'song','Beautiful',2,-1,'DIGITAL',to_date('2012-09-28','YYYY-MM-DD'), 'dancehall, reggae'),
  (2,'song','Deine Zeit',2,-1,'DIGITAL',to_date('2012-09-28','YYYY-MM-DD'), 'dancehall, reggae'),
  (3,'song','Feel for You',2,-1,'DIGITAL',to_date('2012-09-28','YYYY-MM-DD'), 'dancehall, reggae'),
  (4,'song','Augenbling',2,-1,'DIGITAL',to_date('2012-09-28','YYYY-MM-DD'), 'dancehall, reggae'),
  (5,'song','You & I',2,-1,'DIGITAL',to_date('2012-09-28','YYYY-MM-DD'), 'dancehall, reggae'),
  (6,'song','Waste my Time',2,-1,'DIGITAL',to_date('2012-09-28','YYYY-MM-DD'), 'dancehall, reggae'),
  (7,'song','Seeds Haus',2,-1,'DIGITAL',to_date('2012-09-28','YYYY-MM-DD'), 'dancehall, reggae'),
  (8,'song','Elephants',2,-1,'DIGITAL',to_date('2012-09-28','YYYY-MM-DD'), 'dancehall, reggae'),
  (9,'song','Lovelee',2,-1,'DIGITAL',to_date('2012-09-28','YYYY-MM-DD'), 'dancehall, reggae'),
  (10,'song','Wonderful Life',2,-1,'DIGITAL',to_date('2011-11-25','YYYY-MM-DD'), 'dancehall, reggae'),
  (11,'song','Molotov',2,-1,'DIGITAL',to_date('2012-09-28','YYYY-MM-DD'), 'dancehall, reggae'),
  (12,'song','Beautiful (Reprise)',2,-1,'DIGITAL',to_date('2012-09-28','YYYY-MM-DD'), 'dancehall, reggae'),
  (14,'song','Ticket',2,-1,'DIGITAL',to_date('2019-04-12','YYYY-MM-DD'), 'dancehall, reggae'),
  (15,'song','Lass sie gehn',2,-1,'DIGITAL',to_date('2019-10-25','YYYY-MM-DD'), 'dancehall, reggae'),
  (16,'song','G€LD',2,-1,'DIGITAL',to_date('2019-10-25','YYYY-MM-DD'), 'dancehall, reggae'),
  (17,'song','Immer bei Dir',2,-1,'DIGITAL',to_date('2019-10-25','YYYY-MM-DD'), 'dancehall, reggae'),
  (18,'song','Lass das Licht an',2,-1,'DIGITAL',to_date('2019-10-25','YYYY-MM-DD'), 'dancehall, reggae'),
  (19,'song','Sie is geladen',2,-1,'DIGITAL',to_date('2019-10-25','YYYY-MM-DD'), 'dancehall, reggae'),
  (20,'song','Love & Courvoisier',2,-1,'DIGITAL',to_date('2019-10-25','YYYY-MM-DD'), 'dancehall, reggae'),
  (21,'song','Komm in mein Haus',2,-1,'DIGITAL',to_date('2019-10-25','YYYY-MM-DD'), 'dancehall, reggae'),
  (22,'song','Psycho Piano Interlude',2,-1,'DIGITAL',to_date('2019-10-25','YYYY-MM-DD'), 'dancehall, reggae'),
  (23,'song','No More Drama (Alles Pech verbraucht)',2,-1,'DIGITAL',to_date('2019-10-25','YYYY-MM-DD'), 'dancehall, reggae'),
  (24,'song','What a Day',2,-1,'DIGITAL',to_date('2019-10-25','YYYY-MM-DD'), 'dancehall, reggae'),
  (26,'song','24K Magic',2,-1,'DIGITAL',to_date('2016-10-07','YYYY-MM-DD'), 'pop, r&b'),
  (27,'song','Chunky',2,-1,'DIGITAL',to_date('2016-11-18','YYYY-MM-DD'), 'r&b'),
  (28,'song','Perm',2,-1,'DIGITAL',to_date('2016-11-18','YYYY-MM-DD'), 'r&b'),
  (29,'song','That´s What I like',2,-1,'DIGITAL',to_date('2016-11-18','YYYY-MM-DD'), 'pop, r&b'),
  (30,'song','Versace on the Floor',2,-1,'DIGITAL',to_date('2016-11-04','YYYY-MM-DD'), 'pop, r&b'),
  (31,'song','Straight Up & Down',2,-1,'DIGITAL',to_date('2016-11-18','YYYY-MM-DD'), 'r&b'),
  (32,'song','Calling All My Lovelies',2,-1,'DIGITAL',to_date('2016-11-18','YYYY-MM-DD'), 'r&b'),
  (33,'song','Finesse',2,-1,'DIGITAL',to_date('2016-11-18','YYYY-MM-DD'), 'electronic, r&b'),
  (34,'song','Too Good to Say Goodbye',2,-1,'DIGITAL',to_date('2016-11-18','YYYY-MM-DD'), 'r&b'),
  (36,'song','Spiel, Satz und Sieg',2,-1,'DIGITAL',to_date('2008-06-06','YYYY-MM-DD'), 'electronic, house, schlager'),
  (37,'song','Toni der Rodelkönig',2,-1,'DIGITAL',to_date('2008-06-06','YYYY-MM-DD'), 'electronic, house, schlager'),
  (38,'song','Guten Morgen',2,-1,'DIGITAL',to_date('2008-06-06','YYYY-MM-DD'), 'electronic, house, schlager'),
  (39,'song','Das sind meine Freunde',2,-1,'DIGITAL',to_date('2008-06-06','YYYY-MM-DD'), 'electronic, house, schlager'),
  (40,'song','Sei kein Frosch',2,-1,'DIGITAL',to_date('2008-06-06','YYYY-MM-DD'), 'electronic, house, schlager'),
  (41,'song','Brüderchen',2,-1,'DIGITAL',to_date('2008-06-06','YYYY-MM-DD'), 'electronic, house, schlager'),
  (42,'song','1,2,3',2,-1,'DIGITAL',to_date('2008-06-06','YYYY-MM-DD'), 'electronic, house, schlager'),
  (43,'song','Papaya',2,-1,'DIGITAL',to_date('2008-06-06','YYYY-MM-DD'), 'electronic, house, schlager'),
  (44,'song','Alles Gute',2,-1,'DIGITAL',to_date('2008-06-06','YYYY-MM-DD'), 'electronic, house, schlager'),
  (45,'song','Daheim',2,-1,'DIGITAL',to_date('2008-06-06','YYYY-MM-DD'), 'electronic, house, schlager'),
  (46,'song','Ciao ciao bella',2,-1,'DIGITAL',to_date('2008-06-06','YYYY-MM-DD'), 'electronic, house, schlager'),
  (47,'song','Romeo',2,-1,'DIGITAL',to_date('2008-06-06','YYYY-MM-DD'), 'electronic, house, schlager'),
  (49,'song','Der Abend wird gut',2,-1,'DIGITAL',to_date('2019-08-30','YYYY-MM-DD'), 'electronic, house, schlager'),
  (50,'song','Brich das Eis',2,-1,'DIGITAL',to_date('2019-08-30','YYYY-MM-DD'), 'electronic, house, schlager'),
  (51,'song','Krass superschön',2,-1,'DIGITAL',to_date('2019-08-30','YYYY-MM-DD'), 'electronic, house, schlager'),
  (52,'song','Rastafari',2,-1,'DIGITAL',to_date('2019-08-30','YYYY-MM-DD'), 'electronic, house, schlager'),
  (53,'song','Denn sie wollen den Nektar',2,-1,'DIGITAL',to_date('2019-08-30','YYYY-MM-DD'), 'electronic, house, schlager'),
  (54,'song','Schwimm nicht so weit',2,-1,'DIGITAL',to_date('2019-08-30','YYYY-MM-DD'), 'electronic, house, schlager'),
  (55,'song','Lass mich los',2,-1,'DIGITAL',to_date('2019-08-30','YYYY-MM-DD'), 'electronic, house, schlager'),
  (56,'song','Ich will verreisen',2,-1,'DIGITAL',to_date('2019-08-30','YYYY-MM-DD'), 'electronic, house, schlager'),
  (57,'song','Hey Joshua',2,-1,'DIGITAL',to_date('2019-08-30','YYYY-MM-DD'), 'electronic, house, schlager'),
  (58,'song','Teeny',2,-1,'DIGITAL',to_date('2019-08-30','YYYY-MM-DD'), 'electronic, house, schlager'),
  (59,'song','Jetzt Hammwas',2,-1,'DIGITAL',to_date('2019-08-30','YYYY-MM-DD'), 'electronic, house, schlager'),
  (61,'song','Bad',2,-1,'DIGITAL',to_date('1987-08-25','YYYY-MM-DD'),'pop, dance-pop, disco, electronic'),
  (62,'song','The way you make me feel',2,-1,'DIGITAL',to_date('1987-08-25','YYYY-MM-DD'),'pop, dance-pop, disco, electronic'),
  (63,'song','Speed Demon',2,-1,'DIGITAL',to_date('1987-08-25','YYYY-MM-DD'),'pop, dance-pop, pop-rock'),
  (64,'song','Liberian Girl',2,-1,'DIGITAL',to_date('1987-08-25','YYYY-MM-DD'),'pop, dance-pop, disco, dance-pop'),
  (65,'song','Just Good Friends',2,-1,'DIGITAL',to_date('1987-08-25','YYYY-MM-DD'),'pop, dance-pop, disco'),
  (66,'song','Another Part of Me',2,-1,'DIGITAL',to_date('1987-08-25','YYYY-MM-DD'),'pop, dance-pop, disco, electronic'),
  (67,'song','Man in the Mirror',2,-1,'DIGITAL',to_date('1987-08-25','YYYY-MM-DD'),'pop, pop-soul, disco'),
  (68,'song','I Just Can´t Stop Loving You',2,-1,'DIGITAL',to_date('1987-08-25','YYYY-MM-DD'),'pop, pop-soul, funk'),
  (69,'song','Dirty Diana',2,-1,'DIGITAL',to_date('1987-08-25','YYYY-MM-DD'),'pop, dance-pop, disco'),
  (70,'song','Smooth Criminal',2,-1,'DIGITAL',to_date('1987-08-25','YYYY-MM-DD'),'pop, dance-pop, funk, synth'),
  (71,'song','Leave Me Alone',2,-1,'DIGITAL',to_date('1987-08-25','YYYY-MM-DD'),'pop, dance-pop, disco'),
  (73,'song','Wanna Be Startin´ Somethin´',2,-1,'DIGITAL',to_date('1982-11-30','YYYY-MM-DD'),'pop, disco, hip hop'),
  (74,'song','Baby Be Mine',2,-1,'DIGITAL',to_date('1982-11-30','YYYY-MM-DD'),'pop, disco, pop-soul'),
  (75,'song','The Girl is Mine',2,-1,'DIGITAL',to_date('1982-11-30','YYYY-MM-DD'),'pop, dance-pop, disco'),
  (76,'song','Thriller',2,-1,'DIGITAL',to_date('1982-11-30','YYYY-MM-DD'),'pop, disco, dance-pop'),
  (77,'song','Beat It',2,-1,'DIGITAL',to_date('1982-11-30','YYYY-MM-DD'),'pop, disco, dance-pop'),
  (78,'song','Billie Jean',2,-1,'DIGITAL',to_date('1982-11-30','YYYY-MM-DD'),'pop, disco, dance-pop'),
  (79,'song','Human Nature',2,-1,'DIGITAL',to_date('1982-11-30','YYYY-MM-DD'),'pop, disco, pop-soul'),
  (80,'song','P.Y.T. (Pretty Young Thing)',2,-1,'DIGITAL',to_date('1982-11-30','YYYY-MM-DD'),'pop, disco, pop-soul'),
  (81,'song','The Lady in My Life',2,-1,'DIGITAL',to_date('1982-11-30','YYYY-MM-DD'),'pop, pop-soul, r&b'),
  (85,'song','Come Together',2,-1,'DIGITAL',to_date('1969-09-26','YYYY-MM-DD'),'rock, pop rock, classic rock'),
  (86,'song','Something',2,-1,'DIGITAL',to_date('1969-09-26','YYYY-MM-DD'),'rock, pop rock, classic rock'),
  (87,'song','Maxwell´s Silver Hammer',2,-1,'DIGITAL',to_date('1969-09-26','YYYY-MM-DD'),'rock, pop, hard rock'),
  (88,'song','Oh! Darling',2,-1,'DIGITAL',to_date('1969-09-26','YYYY-MM-DD'),'rock, pop, pop rock'),
  (89,'song','Octopus´s Garden',2,-1,'DIGITAL',to_date('1969-09-26','YYYY-MM-DD'),'rock, pop rock, pop'),
  (90,'song','I Want You (She´s So Heavy)',2,-1,'DIGITAL',to_date('1969-09-26','YYYY-MM-DD'),'rock, pop, classic rock'),
  (91,'song','Here Comes the Sun',2,-1,'DIGITAL',to_date('1969-09-26','YYYY-MM-DD'),'rock, pop rock, pop'),
  (92,'song','Because',2,-1,'DIGITAL',to_date('1969-09-26','YYYY-MM-DD'),'rock, pop rock, classic rock'),
  (93,'song','You Never Give Me Your Money',2,-1,'DIGITAL',to_date('1969-09-26','YYYY-MM-DD'),'rock, pop, classic rock'),
  (94,'song','Sun King',2,-1,'DIGITAL',to_date('1969-09-26','YYYY-MM-DD'),'rock, pop, classic rock'),
  (95,'song','Mean Mr Mustard',2,-1,'DIGITAL',to_date('1969-09-26','YYYY-MM-DD'),'rock, pop, classic rock'),
  (96,'song','Polythene Pam',2,-1,'DIGITAL',to_date('1969-09-26','YYYY-MM-DD'),'rock, pop, classic rock'),
  (97,'song','She Came In Through the Bathroom Window',2,-1,'DIGITAL',to_date('1969-09-26','YYYY-MM-DD'),'rock, pop, classic rock'),
  (98,'song','Golden Slumber',2,-1,'DIGITAL',to_date('1969-09-26','YYYY-MM-DD'),'rock, pop, classic rock'),
  (99,'song','Carry That Weight',2,-1,'DIGITAL',to_date('1969-09-26','YYYY-MM-DD'),'rock, pop, classic rock'),
  (100,'song','The End',2,-1,'DIGITAL',to_date('1969-09-26','YYYY-MM-DD'),'rock, pop, classic rock'),
  (101,'song','Her Majesty',2,-1,'DIGITAL',to_date('1969-09-26','YYYY-MM-DD'),'rock, pop, pop rock'),
  (103,'song','Taxman',2,-1,'DIGITAL',to_date('1966-08-05','YYYY-MM-DD'),'rock, pop, pop rock'),
  (104,'song','Eleanor Rigby',2,-1,'DIGITAL',to_date('1966-08-05','YYYY-MM-DD'),'rock, pop, pop rock'),
  (105,'song','I´m Only Sleeping',2,-1,'DIGITAL',to_date('1966-08-05','YYYY-MM-DD'),'rock, pop, pop rock'),
  (106,'song','Love You To',2,-1,'DIGITAL',to_date('1966-08-05','YYYY-MM-DD'),'rock, pop, classic rock'),
  (107,'song','Here, There and Everywhere',2,-1,'DIGITAL',to_date('1966-08-05','YYYY-MM-DD'),'rock, pop, classic rock'),
  (108,'song','Yellow Submarine',2,-1,'DIGITAL',to_date('1966-08-05','YYYY-MM-DD'),'rock, pop, classic rock'),
  (109,'song','She Said She Said',2,-1,'DIGITAL',to_date('1966-08-05','YYYY-MM-DD'),'rock, classical rock, beat music'),
  (110,'song','Good Day Sunshine',2,-1,'DIGITAL',to_date('1966-08-05','YYYY-MM-DD'),'rock, pop, pop rock'),
  (111,'song','And Your Bird Can Sing',2,-1,'DIGITAL',to_date('1966-08-05','YYYY-MM-DD'),'rock, classic rock, beat music'),
  (112,'song','For No One',2,-1,'DIGITAL',to_date('1966-08-05','YYYY-MM-DD'),'rock, pop, classic rock'),
  (113,'song','Doctor Robert',2,-1,'DIGITAL',to_date('1966-08-05','YYYY-MM-DD'),'rock, pop, classic rock'),
  (114,'song','I Want to Tell You',2,-1,'DIGITAL',to_date('1966-08-05','YYYY-MM-DD'),'rock, pop, classic rock'),
  (115,'song','Got to Get You Into My Life',2,-1,'DIGITAL',to_date('1966-08-05','YYYY-MM-DD'),'rock, pop, classic rock'),
  (116,'song','Tomorrow Never Knows',2,-1,'DIGITAL',to_date('1966-08-05','YYYY-MM-DD'),'rock, pop, beat music');



--idx resets for every song, if adding a second artist to a song increment idx
--each row of statements corresponds to an artist
INSERT INTO artist_song (idx, artist_id, song_id)
VALUES (0,1,1),(0,1,2),(0,1,3),(0,1,4),(0,1,5),(0,1,6),(0,1,7),(0,1,8),(0,1,9),(0,1,10),(0,1,11),(0,1,12),(0,1,14),(0,1,15),(0,1,16),(0,1,17),(0,1,18),(0,1,19),(0,1,20),(0,1,21),(0,1,22),(0,1,23),(0,1,24),
       (0,2,26),(0,2,27),(0,2,28),(0,2,29),(0,2,30),(0,2,31),(0,2,32),(0,2,33),(0,2,34),
       (0,3,36),(0,3,37),(0,3,38),(0,3,39),(0,3,40),(0,3,41),(0,3,42),(0,3,43),(0,3,44),(0,3,45),(0,3,46),(0,3,47),(0,3,49),(0,3,50),(0,3,51),(0,3,52),(0,3,53),(0,3,54),(0,3,55),(0,3,56),(0,3,57),(0,3,58),(0,3,59),
       (0,4,61),(0,4,62),(0,4,63),(0,4,64),(0,4,65),(0,4,66),(0,4,67),(0,4,68),(0,4,69),(0,4,70),(0,4,71),(0,4,73),(0,4,74),(0,4,75),(0,4,76),(0,4,77),(0,4,78),(0,4,79),(0,4,80),(0,4,81),
       (0,5,85),(0,5,86),(0,5,87),(0,5,88),(0,5,89),(0,5,90),(0,5,91),(0,5,92),(0,5,93),(0,5,94),(0,5,95),(0,5,96),(0,5,97),(0,5,98),(0,5,99),(0,5,100),(0,5,101),(0,5,103),(0,5,104),(0,5,105),(0,5,106),(0,5,107),(0,5,108),(0,5,109),(0,5,110),(0,5,111),(0,5,112),(0,5,113),(0,5,114),(0,5,115),(0,5,116);


INSERT INTO tbl_product (product_id, "type", title, price, stock, mediumType, releaseDate, "label", albumId)
VALUES (13, 'album', 'Seeed', 15.00, 10, 'CD', to_date('2012-09-28','YYYY-MM-DD'), 'Downbeat, Warner Music Group Germany', '1c4de4a6-f78c-48d7-b649-75a39b951779'),
       (25, 'album', 'BAM BAM', 18.00, 5, 'CD', to_date('2019-11-04','YYYY-MM-DD'), 'Downbeat, Warner Music Group Germany', '8eb6cc5d-df26-4655-94dd-ff9a1d0dafbe'),
       (35, 'album', '24K Magic', 16.00, 25, 'CD', to_date('2016-11-18','YYYY-MM-DD'), 'Atlantic', '1fb90870-990a-4b6b-b787-65fa4f2de991'),
       (48, 'album', 'Electrolore', 16.00, 3, 'CD', to_date('2008-06-06','YYYY-MM-DD'), 'Kontor Records', '91ee96c6-38b3-466b-b901-c9aafea2b419'),
       (60, 'album', 'Pharao', 16.00, 4, 'CD', to_date('2019-08-30','YYYY-MM-DD'), 'Kontor Records', '3258ee66-2309-4335-8f72-c3cfde1ea24e'),
       (72, 'album', 'Bad', 12.00, 4, 'CD', to_date('1987-08-25','YYYY-MM-DD'), 'Epic', 'c94b8130-eca1-4d5b-acc2-47b5b8d57070'),
       (82, 'album', 'Thriller', 12.00, 4, 'CD', to_date('1983-06-06','YYYY-MM-DD'), 'Epic', 'add33dcb-7e63-4242-b758-d828b45fa300'),
       (83, 'album', 'Thriller', 35.00, 4, 'VINYL', to_date('1982-11-30','YYYY-MM-DD'), 'Epic', 'f40d5ce9-93c7-40fe-8517-50ab3858d9a3'),
       (84, 'album', 'Bad', 35.00, 4, 'VINYL', to_date('1987-09-01','YYYY-MM-DD'), 'Epic', '5563c4e6-b824-4019-b617-0230b827e505'),
       (102, 'album', 'Abbey Road', 35.00, 4, 'VINYL', to_date('1969-09-26','YYYY-MM-DD'), 'Apple Records', '6c752061-8d4c-4a1b-9233-7dfc664f3541'),
       (117, 'album', 'Revolver', 35.00, 4, 'VINYL', to_date('1966-08-05','YYYY-MM-DD'), 'Parlophone', '045c4899-c025-455b-955d-4a543582517a');

INSERT INTO album_song (album_id, song_id)
VALUES (13,1),(13,2),(13,3),(13,4),(13,5),(13,6),(13,7),(13,8),(13,9),(13,10),(13,11),(13,12),
       (25,14),(25,15),(25,16),(25,17),(25,18),(25,19),(25,20),(25,21),(25,22),(25,23),(25,24),
       (35,26),(35,27),(35,28),(35,29),(35,30),(35,31),(35,32),(35,33),(35,34),
       (48,36),(48,37),(48,38),(48,39),(48,40),(48,41),(48,42),(48,43),(48,44),(48,45),(48,46),(48,47),
       (60,49),(60,50),(60,51),(60,52),(60,53),(60,54),(60,55),(60,56),(60,57),(60,58),(60,59),
       (72,61),(72,62),(72,63),(72,64),(72,65),(72,66),(72,67),(72,68),(72,69),(72,70),(72,71),
       (82,73),(82,74),(82,75),(82,76),(82,77),(82,78),(82,79),(82,80),(82,81),
       (83,73),(83,74),(83,75),(83,76),(83,77),(83,78),(83,79),(83,80),(83,81),
       (84,61),(84,62),(84,63),(84,64),(84,65),(84,66),(84,67),(84,68),(84,69),(84,70),
       (102,85),(102,86),(102,87),(102,88),(102,89),(102,90),(102,91),(102,92),(102,93),(102,94),(102,95),(102,96),(102,97),(102,98),(102,99),(102,100),(102,101),
       (117,103),(117,104),(117,105),(117,106),(117,107),(117,108),(117,109),(117,110),(117,111),(117,112),(117,113),(117,114),(117,115),(117,116);